Model,F1,Accuracy
GCN-2-Layers,0.12443425587633625,0.16666666666666666
GCN-1-Layer,0.11249532360643472,0.15555555555555556
DenseGraphModel,0.13335025468358802,0.17777777777777778
